seed 123456789;Tempo;Popolazione;PopolazioneVeicoliPiccoli;PopolazioneVeicoliGrandi;Sistema
;0.0;0.0;0.0;0.0;
;65.67027277902827;1.0;1.0;0.0;
;444.27306502216567;2.0;1.0;1.0;
;449.2495417442021;3.0;2.0;1.0;
;460.3029532291972;4.0;3.0;1.0;
;489.85550467915846;5.0;3.0;2.0;
;555.8629296280037;6.0;4.0;2.0;
;686.5677506871216;7.0;5.0;2.0;
;712.1058933916984;8.0;6.0;2.0;
;744.3868737810153;8.0;6.0;2.0;
;781.4105784357979;8.0;6.0;2.0;
;1057.1418615786033;9.0;7.0;2.0;
;1069.6972997023738;9.0;7.0;2.0;
;1178.2509738366964;8.0;7.0;1.0;
;1186.02333873761;8.0;6.0;2.0;
;1289.6742512028773;8.0;6.0;2.0;
;1368.9555074828145;8.0;5.0;3.0;
;1488.3067516159774;9.0;6.0;3.0;
;1561.039716472054;9.0;6.0;3.0;
;1592.7158362672762;8.0;6.0;2.0;
;1838.6963540305;7.0;5.0;2.0;
;2016.2140381866077;7.0;4.0;3.0;
;2092.499566378558;8.0;4.0;4.0;
;2094.69237682205;8.0;4.0;4.0;
;2101.4557893440374;9.0;5.0;4.0;
;2146.8177450892526;9.0;5.0;4.0;
;2322.322196974524;8.0;4.0;4.0;
;2470.042997948665;8.0;4.0;4.0;
;2650.753366686883;7.0;3.0;4.0;
;2659.020818076896;6.0;3.0;3.0;
;2671.739177699565;5.0;3.0;2.0;
;2713.340033463607;6.0;3.0;3.0;
;2732.020495154401;7.0;3.0;4.0;
;3107.820013896338;8.0;4.0;4.0;
;3144.381095710024;9.0;5.0;4.0;
;3193.4617080801254;9.0;5.0;4.0;
;3215.8821405261897;8.0;5.0;3.0;
;3242.154865430143;7.0;4.0;3.0;
;3349.298320040667;7.0;4.0;3.0;
;3377.685662777098;5.0;3.0;2.0;
;3576.1171790734047;6.0;4.0;2.0;
;3610.766937292228;7.0;4.0;3.0;
;3638.8432342110327;7.0;4.0;3.0;
;3720.66548927809;6.0;3.0;3.0;
;3868.322543746756;7.0;4.0;3.0;
;3894.718383129132;8.0;4.0;4.0;
;4103.73933917275;8.0;4.0;4.0;
;4229.73554952995;8.0;4.0;4.0;
;4384.461433906618;9.0;4.0;5.0;
;4486.282464030437;9.0;4.0;5.0;
;4709.144246091443;9.0;4.0;5.0;
;4804.766716199876;9.0;4.0;5.0;
;4940.091740819059;10.0;5.0;5.0;
;4973.261811704311;10.0;5.0;5.0;
;4974.57266747768;10.0;6.0;4.0;
;5204.501936477106;11.0;7.0;4.0;
;5410.305317944189;11.0;7.0;4.0;
;5499.213396618635;11.0;7.0;4.0;
;5566.8740828151285;10.0;7.0;3.0;
;5601.742944576174;11.0;7.0;4.0;
;5625.934631191958;11.0;7.0;4.0;
;5898.983590139335;11.0;7.0;4.0;
;6064.18503557978;10.0;6.0;4.0;
;6070.163321728452;11.0;6.0;5.0;
;6099.012640562323;11.0;6.0;5.0;
;6102.807093664201;12.0;7.0;5.0;
;6193.7315659072365;12.0;7.0;5.0;
;6451.035728178221;11.0;7.0;4.0;
;6461.213193184509;12.0;7.0;5.0;
;6463.878659424253;13.0;8.0;5.0;
;6587.683855920028;13.0;8.0;5.0;
;6618.443140614654;12.0;7.0;5.0;
;6692.364708787746;13.0;8.0;5.0;
;6807.736726525562;14.0;9.0;5.0;
;6831.784689899153;14.0;9.0;5.0;
;6970.660287501223;14.0;9.0;5.0;
;7048.796729800295;14.0;9.0;5.0;
;7061.228126244544;14.0;9.0;5.0;
;7074.299834108417;14.0;9.0;5.0;
;7216.593414014389;14.0;9.0;5.0;
;7445.7786007201985;15.0;10.0;5.0;
;7491.750306041364;15.0;10.0;5.0;
;7527.359822166074;15.0;10.0;5.0;
;7540.043386779161;16.0;10.0;6.0;
;7561.819634828706;16.0;10.0;6.0;
;7567.321266704589;15.0;9.0;6.0;
;7588.094196886581;15.0;9.0;6.0;
;7781.244525950662;15.0;9.0;6.0;
;8062.542612228669;15.0;9.0;6.0;
;8132.840177198975;16.0;9.0;7.0;
;8189.078725361139;16.0;9.0;7.0;
;8196.927158759157;16.0;9.0;7.0;
;8197.12747385381;15.0;8.0;7.0;
;8214.666990464157;14.0;7.0;7.0;
;8288.287608616984;14.0;6.0;8.0;
;8370.564066138864;14.0;6.0;8.0;
;8644.864956581809;14.0;6.0;8.0;
;8732.948148288764;15.0;7.0;8.0;
;8765.222090014602;15.0;7.0;8.0;
;8855.041674515203;15.0;7.0;8.0;
;8923.472243159023;16.0;7.0;9.0;
;8949.15820765521;16.0;7.0;9.0;
;8958.25454229237;16.0;8.0;8.0;
;9002.72321768669;16.0;8.0;8.0;
;9069.16244747962;16.0;8.0;8.0;
;9109.632141731352;16.0;8.0;8.0;
;9425.217687245657;16.0;8.0;8.0;
;9472.17889767587;16.0;8.0;8.0;
;9497.821961349084;17.0;8.0;9.0;
;9599.668747034902;17.0;8.0;9.0;
;9628.798351051588;16.0;8.0;8.0;
;9683.071240506852;15.0;7.0;8.0;
;9751.57597221149;15.0;7.0;8.0;
;9776.394184767423;15.0;8.0;7.0;
;9778.905980362955;15.0;8.0;7.0;
;10048.9655637808;15.0;8.0;7.0;
;10094.477429917286;15.0;8.0;7.0;
;10105.304497815176;16.0;8.0;8.0;
;10125.326312789388;16.0;8.0;8.0;
;10177.180018463956;16.0;8.0;8.0;
;10227.389154006569;16.0;8.0;8.0;
;10307.261094610833;15.0;7.0;8.0;
;10365.332394714278;16.0;7.0;9.0;
;10460.45427468194;16.0;7.0;9.0;
;10489.25748589399;16.0;7.0;9.0;
;10496.653554033042;15.0;6.0;9.0;
;10518.98284578422;15.0;5.0;10.0;
;10579.573393786335;16.0;5.0;11.0;
;10719.153723763216;17.0;6.0;11.0;
;10810.065689485578;17.0;6.0;11.0;
;10842.337132471996;16.0;5.0;11.0;
;10890.374883388202;17.0;6.0;11.0;
;10915.10283261086;17.0;6.0;11.0;
;10929.148483171026;17.0;6.0;11.0;
;11025.666450394869;18.0;7.0;11.0;
;11052.615121736611;18.0;7.0;11.0;
;11122.86374528434;19.0;8.0;11.0;
;11235.12015632064;19.0;8.0;11.0;
;11249.947192331563;18.0;8.0;10.0;
;11313.45646729858;18.0;9.0;9.0;
;11358.575743580135;18.0;9.0;9.0;
;11427.018016497364;17.0;9.0;8.0;
;11589.681065096816;17.0;9.0;8.0;
;11610.729976991635;17.0;9.0;8.0;
;11656.85521730431;17.0;10.0;7.0;
;11686.69341464062;17.0;10.0;7.0;
;11695.903949492227;18.0;10.0;8.0;
;11794.0687354475;18.0;10.0;8.0;
;11932.10019535253;17.0;9.0;8.0;
;12088.931286501402;16.0;8.0;8.0;
;12113.244391788094;16.0;9.0;7.0;
;12165.10620294414;16.0;9.0;7.0;
;12260.958608679644;16.0;9.0;7.0;
;12281.09095490029;16.0;9.0;7.0;
;12569.429583956478;15.0;8.0;7.0;
;12586.356062946985;16.0;9.0;7.0;
;12639.95761922765;16.0;9.0;7.0;
;12665.611489329844;16.0;9.0;7.0;
;12687.343538164629;15.0;9.0;6.0;
;12814.089115313183;14.0;9.0;5.0;
;12916.454418622943;14.0;8.0;6.0;
;13047.69792441084;15.0;8.0;7.0;
;13122.24082515421;15.0;8.0;7.0;
;13357.700520212697;15.0;7.0;8.0;
;13388.194214423464;16.0;7.0;9.0;
;13413.45696832258;15.0;6.0;9.0;
;13456.86192885944;15.0;6.0;9.0;
;13473.339622055646;15.0;7.0;8.0;
;13543.87151006615;15.0;7.0;8.0;
;13565.55837190974;15.0;7.0;8.0;
;13588.508345100749;16.0;7.0;9.0;
;13597.001683316415;16.0;7.0;9.0;
;13616.6007235465;17.0;7.0;10.0;
;13733.450536129094;18.0;8.0;10.0;
;13762.181329439562;19.0;9.0;10.0;
;13939.484970876403;19.0;9.0;10.0;
;13957.312785347243;19.0;9.0;10.0;
;14019.95218331485;19.0;9.0;10.0;
;14051.58608856779;19.0;9.0;10.0;
;14087.429870370155;20.0;10.0;10.0;
;14150.204488709973;21.0;11.0;10.0;
;14198.806326454414;21.0;11.0;10.0;
;14231.136952229635;20.0;11.0;9.0;
;14253.493249971669;20.0;11.0;9.0;
;14336.13885741928;20.0;10.0;10.0;
;14386.004396439508;20.0;10.0;10.0;
;14396.5528447547;21.0;10.0;11.0;
;14510.761462997569;21.0;10.0;11.0;
;14538.651799554927;21.0;11.0;10.0;
;14597.191649271144;22.0;11.0;11.0;
;14648.328256515357;22.0;11.0;11.0;
;14687.422317073258;21.0;10.0;11.0;
;14790.14224384262;20.0;9.0;11.0;
;14805.666543168882;21.0;9.0;12.0;
;14931.261075751849;21.0;9.0;12.0;
;15058.830709808872;21.0;8.0;13.0;
;15082.716889826152;21.0;8.0;13.0;
;15135.02840866502;21.0;8.0;13.0;
;15224.715202366646;21.0;8.0;13.0;
;15271.08676893407;21.0;8.0;13.0;
;15383.727322800843;21.0;8.0;13.0;
;15393.316454838268;21.0;9.0;12.0;
;15417.550477354232;21.0;9.0;12.0;
;15477.43739484222;20.0;9.0;11.0;
;15576.617151761626;20.0;9.0;11.0;
;15699.763288156675;20.0;9.0;11.0;
;15727.562301017771;19.0;9.0;10.0;
;15789.132187093175;19.0;9.0;10.0;
;15798.986393169886;19.0;9.0;10.0;
;15925.77019006259;19.0;9.0;10.0;
;15958.260567570476;19.0;10.0;9.0;
;15980.89347299194;20.0;11.0;9.0;
;16171.867561265935;20.0;11.0;9.0;
;16191.00181437344;20.0;12.0;8.0;
;16280.650067044038;20.0;12.0;8.0;
;16441.744566734134;20.0;11.0;9.0;
;16494.60058552591;20.0;11.0;9.0;
;16517.20586027946;20.0;11.0;9.0;
;16523.49706688179;19.0;10.0;9.0;
;16566.61852177927;19.0;10.0;9.0;
;16640.32068433643;20.0;11.0;9.0;
;16824.584102146448;20.0;11.0;9.0;
;16835.32503310038;20.0;11.0;9.0;
;16974.91828089986;20.0;11.0;9.0;
;17043.54264517349;19.0;10.0;9.0;
;17096.620004412398;19.0;10.0;9.0;
;17189.042411104583;19.0;10.0;9.0;
;17210.90568954034;19.0;10.0;9.0;
;17260.242096952927;19.0;10.0;9.0;
;17387.868051937832;19.0;11.0;8.0;
;17389.254918858438;20.0;12.0;8.0;
;17394.112704520834;20.0;12.0;8.0;
;17400.18386785093;20.0;12.0;8.0;
;17461.249624208664;20.0;12.0;8.0;
;17606.393710030337;20.0;12.0;8.0;
;17819.354552294986;19.0;11.0;8.0;
;18075.759077381503;19.0;10.0;9.0;
;18077.206753910217;19.0;10.0;9.0;
;18138.180645478205;18.0;9.0;9.0;
;18147.684960749822;18.0;10.0;8.0;
;18167.84701605907;18.0;10.0;8.0;
;18339.96670933991;19.0;10.0;9.0;
;18403.46442541981;19.0;10.0;9.0;
;18409.182572816237;19.0;10.0;9.0;
;18439.78927755116;20.0;10.0;10.0;
;18456.20613343091;21.0;11.0;10.0;
;18459.363498519106;22.0;12.0;10.0;
;18561.33395519531;21.0;11.0;10.0;
;18630.62395892315;21.0;11.0;10.0;
;18714.835344083316;21.0;11.0;10.0;
;18746.38081517764;22.0;11.0;11.0;
;18747.801568649465;23.0;12.0;11.0;
;18840.81435187616;23.0;12.0;11.0;
;18846.742751893336;24.0;13.0;11.0;
;18922.518635764067;24.0;13.0;11.0;
;18974.302307690406;24.0;13.0;11.0;
;19023.39318310093;23.0;12.0;11.0;
;19038.42980519174;22.0;11.0;11.0;
;19119.276500075805;21.0;11.0;10.0;
;19152.537512612507;20.0;10.0;10.0;
;19221.78567588277;20.0;10.0;10.0;
;19244.42884353414;20.0;10.0;10.0;
;19263.52340405588;21.0;11.0;10.0;
;19272.54144478113;22.0;11.0;11.0;
;19324.972773268026;23.0;12.0;11.0;
;19487.01858025937;23.0;12.0;11.0;
;19502.74961564496;23.0;12.0;11.0;
;19511.70196746753;24.0;12.0;12.0;
;19544.40350516642;25.0;13.0;12.0;
;19657.511563518656;26.0;13.0;13.0;
;19690.288470905307;26.0;13.0;13.0;
;19707.23107850241;26.0;13.0;13.0;
;19715.47899430655;26.0;13.0;13.0;
;19810.15802633349;27.0;13.0;14.0;
;19817.82307089319;28.0;14.0;14.0;
;19841.5546996176;28.0;14.0;14.0;
;19876.84250225308;28.0;14.0;14.0;
;19903.96417697941;27.0;14.0;13.0;
;19909.64160920288;28.0;15.0;13.0;
;19968.605815275838;28.0;15.0;13.0;
;20087.544343288067;28.0;15.0;13.0;
;20114.635914447117;27.0;14.0;13.0;
;20118.125564255264;28.0;15.0;13.0;
;20153.98075040333;29.0;15.0;14.0;
;20230.12220296788;29.0;15.0;14.0;
;20336.51515559616;29.0;15.0;14.0;
;20369.675144353845;29.0;15.0;14.0;
;20431.36455183793;29.0;15.0;14.0;
;20493.305240618032;28.0;14.0;14.0;
;20683.5678688459;28.0;14.0;14.0;
;20899.89559173753;28.0;14.0;14.0;
;20902.20176214248;27.0;13.0;14.0;
;20980.05651494721;27.0;13.0;14.0;
;21015.81020849638;26.0;12.0;14.0;
;21045.55506987492;27.0;13.0;14.0;
;21096.331966739428;27.0;13.0;14.0;
;21179.15002910603;27.0;13.0;14.0;
;21223.690256251528;28.0;13.0;15.0;
;21351.84404816962;29.0;13.0;16.0;
;21518.25585480829;30.0;14.0;16.0;
;21571.937589664143;30.0;14.0;16.0;
;21580.339946159093;30.0;14.0;16.0;
;21670.76357623768;30.0;14.0;16.0;
;21677.769463799177;30.0;14.0;16.0;
;21752.51139685644;30.0;14.0;16.0;
;21783.59221651104;30.0;14.0;16.0;
;21831.313511845427;28.0;14.0;14.0;
;21877.129726101743;29.0;14.0;15.0;
;21897.878353329124;30.0;15.0;15.0;
;21934.58262230588;31.0;16.0;15.0;
;21952.74914249424;31.0;16.0;15.0;
;22039.00613101196;31.0;16.0;15.0;
;22041.890656471543;32.0;17.0;15.0;
;22113.57707597949;33.0;17.0;16.0;
;22133.597329265056;34.0;18.0;16.0;
;22173.756106877456;34.0;18.0;16.0;
;22182.464434820795;34.0;18.0;16.0;
;22303.55357714504;34.0;18.0;16.0;
;22365.28874363285;34.0;18.0;16.0;
;22455.970209524206;33.0;17.0;16.0;
;22481.952750161992;32.0;16.0;16.0;
;22529.31808246097;32.0;16.0;16.0;
;22533.51677109698;31.0;16.0;15.0;
;22628.909427368344;31.0;16.0;15.0;
;22636.477909580277;31.0;15.0;16.0;
;22637.431880033168;31.0;15.0;16.0;
;22661.703047436094;31.0;16.0;15.0;
;22831.421429379643;32.0;16.0;16.0;
;22908.84671826321;33.0;16.0;17.0;
;22911.591372610637;33.0;16.0;17.0;
;22963.314124935263;34.0;16.0;18.0;
;23017.079099963543;34.0;16.0;18.0;
;23048.12899140492;34.0;16.0;18.0;
;23090.041916630253;34.0;17.0;17.0;
;23114.60898076172;35.0;18.0;17.0;
;23117.140607795835;35.0;18.0;17.0;
;23136.78174802338;35.0;18.0;17.0;
;23220.465862725767;35.0;18.0;17.0;
;23230.177339807124;36.0;19.0;17.0;
;23298.180325587226;36.0;19.0;17.0;
;23361.219299774508;36.0;19.0;17.0;
;23493.964452484543;35.0;19.0;16.0;
;23509.94096309349;35.0;19.0;16.0;
;23610.35894779627;34.0;18.0;16.0;
;23739.1773174074;35.0;18.0;17.0;
;23811.27385665551;36.0;18.0;18.0;
;23850.023470083324;37.0;19.0;18.0;
;23936.757408194237;37.0;19.0;18.0;
;23968.85344896428;36.0;18.0;18.0;
;24055.86324672996;35.0;18.0;17.0;
;24150.96738800221;35.0;18.0;17.0;
;24151.815750080397;34.0;17.0;17.0;
;24242.91846428857;34.0;17.0;17.0;
;24263.66885975058;34.0;17.0;17.0;
;24270.395926389672;34.0;17.0;17.0;
;24282.30370032353;35.0;17.0;18.0;
;24329.8478838766;36.0;18.0;18.0;
;24372.898270892;36.0;18.0;18.0;
;24473.3353121898;36.0;18.0;18.0;
;24486.592044737303;35.0;18.0;17.0;
;24488.47317015559;35.0;17.0;18.0;
;24545.507962024327;35.0;17.0;18.0;
;24640.10493909295;35.0;17.0;18.0;
;24646.669178013475;36.0;17.0;19.0;
;24674.970053403376;37.0;17.0;20.0;
;24705.698748235325;37.0;17.0;20.0;
;24709.35420007651;37.0;17.0;20.0;
;24758.28378896913;38.0;17.0;21.0;
;24780.04734904771;38.0;17.0;21.0;
;24783.509127554746;39.0;17.0;22.0;
;24865.873555148115;39.0;17.0;22.0;
;24949.065742945106;39.0;17.0;22.0;
;24970.702752636687;40.0;18.0;22.0;
;24979.000661658163;40.0;18.0;22.0;
;25020.534468155285;40.0;18.0;22.0;
;25069.591491089486;41.0;19.0;22.0;
;25083.148240164453;40.0;19.0;21.0;
;25108.53858784605;41.0;20.0;21.0;
;25142.97387993041;42.0;20.0;22.0;
;25234.04606867545;42.0;20.0;22.0;
;25307.45928872528;42.0;21.0;21.0;
;25315.88875387266;43.0;21.0;22.0;
;25446.57013431271;43.0;21.0;22.0;
;25454.12027178757;43.0;20.0;23.0;
;25649.5889419239;43.0;20.0;23.0;
;25659.718183967743;43.0;20.0;23.0;
;25721.66606152177;43.0;19.0;24.0;
;25749.369945160397;43.0;19.0;24.0;
;25749.8929200031;42.0;18.0;24.0;
;26102.58774334539;42.0;18.0;24.0;
;26140.84300967589;42.0;19.0;23.0;
;26174.380150962377;43.0;19.0;24.0;
;26188.7368827135;44.0;19.0;25.0;
;26222.38478736612;45.0;19.0;26.0;
;26323.29847141584;45.0;19.0;26.0;
;26364.18993003488;44.0;18.0;26.0;
;26434.197173518583;44.0;19.0;25.0;
;26481.20902444647;44.0;19.0;25.0;
;26506.301641916245;44.0;20.0;24.0;
;26524.42931197162;43.0;20.0;23.0;
;26704.03223726296;44.0;21.0;23.0;
;26754.303070306814;44.0;21.0;23.0;
;26911.12358943676;44.0;21.0;23.0;
;26988.66272242929;43.0;21.0;22.0;
;27027.29121211259;43.0;21.0;22.0;
;27029.797564877485;42.0;20.0;22.0;
;27078.08369875532;42.0;20.0;22.0;
;27094.319433822875;43.0;21.0;22.0;
;27099.009608568504;43.0;21.0;22.0;
;27105.106947752447;43.0;21.0;22.0;
;27203.237590348588;43.0;21.0;22.0;
;27241.19033775847;42.0;21.0;21.0;
;27257.476176327316;43.0;21.0;22.0;
;27266.28479121321;44.0;21.0;23.0;
;27401.94718861396;44.0;21.0;23.0;
;27405.804131918765;43.0;21.0;22.0;
;27481.99730058297;43.0;21.0;22.0;
;27488.742723185303;44.0;22.0;22.0;
;27536.3916951748;45.0;23.0;22.0;
;27608.816169700505;45.0;23.0;22.0;
;27664.831528783405;45.0;23.0;22.0;
;27703.7850644385;46.0;24.0;22.0;
;27714.767464332825;46.0;24.0;22.0;
;27755.039768143208;45.0;24.0;21.0;
;27803.892377410804;45.0;24.0;21.0;
;27858.13157839404;46.0;24.0;22.0;
;27861.720063355395;46.0;24.0;22.0;
;27883.657001792984;47.0;25.0;22.0;
;27933.53149695921;47.0;25.0;22.0;
;28181.341080220613;48.0;25.0;23.0;
;28256.085304709773;49.0;25.0;24.0;
;28314.38525443369;49.0;25.0;24.0;
;28325.169422003408;48.0;25.0;23.0;
;28367.918952787863;46.0;24.0;22.0;
;28381.864315907773;46.0;24.0;22.0;
;28395.02796772011;46.0;24.0;22.0;
;28400.550933058523;46.0;24.0;22.0;
;28455.428486735407;46.0;24.0;22.0;
;28464.67378082179;46.0;24.0;22.0;
;28628.59969565673;47.0;24.0;23.0;
;28633.21077768148;47.0;24.0;23.0;
;28813.31571887752;47.0;24.0;23.0;
;28897.852246791168;48.0;24.0;24.0;
;28930.539844327526;49.0;25.0;24.0;
;28949.043735099534;50.0;26.0;24.0;
;28989.309402656527;50.0;26.0;24.0;
;29004.35778725444;51.0;27.0;24.0;
;29069.01202305222;52.0;28.0;24.0;
;29125.028751126072;51.0;27.0;24.0;
;29136.503980440702;52.0;27.0;25.0;
;29158.34636904136;53.0;28.0;25.0;
;29176.215659636942;53.0;28.0;25.0;
;29221.1337141571;52.0;27.0;25.0;
;29281.112581040477;51.0;26.0;25.0;
;29590.87166751013;50.0;25.0;25.0;
;29601.315308174333;51.0;25.0;26.0;
;29622.81452718263;51.0;25.0;26.0;
;29636.947670222304;51.0;25.0;26.0;
;29719.9060522731;50.0;25.0;25.0;
;29779.883642912293;50.0;25.0;25.0;
;29812.218152814625;49.0;25.0;24.0;
;29904.78949991412;49.0;26.0;23.0;
;29937.472020500827;48.0;26.0;22.0;
;29951.963846722807;49.0;27.0;22.0;
;30020.829897194693;50.0;27.0;23.0;
;30067.436268793022;51.0;28.0;23.0;
;30070.776616472784;51.0;28.0;23.0;
;30079.282943098235;51.0;28.0;23.0;
;30128.493930108227;52.0;29.0;23.0;
;30190.29464311253;52.0;29.0;23.0;
;30255.13718020453;53.0;30.0;23.0;
;30258.05813013774;53.0;30.0;23.0;
;30299.447601628144;54.0;30.0;24.0;
;30357.41746935757;54.0;30.0;24.0;
;30362.423160796272;54.0;30.0;24.0;
;30523.03136147056;54.0;30.0;24.0;
;30525.42386906917;54.0;30.0;24.0;
;30599.099267310663;55.0;30.0;25.0;
;30605.802585043017;55.0;30.0;25.0;
;30607.389465475582;56.0;31.0;25.0;
;30657.10769688226;56.0;31.0;25.0;
;30662.738572546983;55.0;30.0;25.0;
;30662.957364374284;54.0;29.0;25.0;
;30719.51860655464;54.0;30.0;24.0;
;30723.10908096433;55.0;31.0;24.0;
;30911.99789369684;56.0;32.0;24.0;
;30913.938972723518;55.0;31.0;24.0;
;30934.65408212566;56.0;32.0;24.0;
;30944.482989222;56.0;32.0;24.0;
;31144.347042247155;57.0;33.0;24.0;
;31181.13864124223;58.0;34.0;24.0;
;31218.029954810216;58.0;34.0;24.0;
;31239.115228082293;57.0;33.0;24.0;
;31335.302074659747;57.0;33.0;24.0;
;31349.45292634883;57.0;33.0;24.0;
;31392.13157627309;57.0;33.0;24.0;
;31455.65182926257;56.0;33.0;23.0;
;31465.836835087128;56.0;33.0;23.0;
;31494.443141194017;57.0;34.0;23.0;
;31506.84086569076;57.0;34.0;23.0;
;31586.669553136904;57.0;33.0;24.0;
;31840.096089313334;58.0;34.0;24.0;
;31881.116307378208;59.0;34.0;25.0;
;31896.285427582097;59.0;34.0;25.0;
;31958.949438423024;58.0;34.0;24.0;
;31959.20557379188;58.0;34.0;24.0;
;31987.343637426624;57.0;34.0;23.0;
;32067.63573578912;56.0;34.0;22.0;
;32111.92556075956;57.0;35.0;22.0;
;32155.47458881906;57.0;35.0;22.0;
;32171.650407708992;58.0;36.0;22.0;
;32196.227804362432;59.0;36.0;23.0;
;32199.60252262282;59.0;36.0;23.0;
;32290.32792879431;58.0;35.0;23.0;
;32361.84424909;58.0;35.0;23.0;
;32466.11420089666;59.0;36.0;23.0;
;32511.60085431798;60.0;36.0;24.0;
;32525.23238121635;61.0;37.0;24.0;
;32525.32258002843;62.0;38.0;24.0;
;32580.54285157636;63.0;38.0;25.0;
;32611.72192238221;63.0;38.0;25.0;
;32648.220728783926;64.0;39.0;25.0;
;32677.214451080858;64.0;39.0;25.0;
;32795.714345411194;63.0;38.0;25.0;
;32796.409157084825;62.0;37.0;25.0;
;32859.22504706246;62.0;37.0;25.0;
;32870.51153324761;62.0;37.0;25.0;
;32923.37434512271;61.0;37.0;24.0;
;32976.68103689368;59.0;35.0;24.0;
;33007.016773339696;59.0;35.0;24.0;
;33031.0688889078;60.0;35.0;25.0;
;33056.801440343275;61.0;36.0;25.0;
;33121.05290791293;62.0;37.0;25.0;
;33200.31742399874;62.0;37.0;25.0;
;33203.40419573434;62.0;37.0;25.0;
;33220.57399560681;62.0;37.0;25.0;
;33270.110445626866;63.0;37.0;26.0;
;33271.10953087988;64.0;38.0;26.0;
;33370.029286454606;65.0;38.0;27.0;
;33391.169840484654;66.0;38.0;28.0;
;33447.92570767648;67.0;38.0;29.0;
;33451.31468083952;67.0;38.0;29.0;
;33485.23867999219;66.0;38.0;28.0;
;33544.66096071332;65.0;38.0;27.0;
;33571.144678702025;65.0;38.0;27.0;
;33589.06417898595;64.0;38.0;26.0;
;33595.10070661767;64.0;38.0;26.0;
;33617.60653459211;64.0;38.0;26.0;
;33950.07781709467;64.0;37.0;27.0;
;33983.15432529726;63.0;37.0;26.0;
;34040.56707170528;63.0;37.0;26.0;
;34056.21418704207;63.0;37.0;26.0;
;34069.0031619035;62.0;36.0;26.0;
;34148.4470436991;62.0;36.0;26.0;
;34184.65426674423;63.0;36.0;27.0;
;34308.016571394604;63.0;36.0;27.0;
;34378.83782259432;63.0;36.0;27.0;
;34411.66002375037;62.0;36.0;26.0;
;34432.7243335048;62.0;36.0;26.0;
;34526.1437874517;62.0;36.0;26.0;
;34625.802167892994;62.0;36.0;26.0;
;34876.02995424835;63.0;37.0;26.0;
;34895.73151332672;63.0;37.0;26.0;
;34909.53870037455;63.0;37.0;26.0;
;34949.937587170905;63.0;37.0;26.0;
;35049.09717944648;63.0;38.0;25.0;
;35065.656514534334;64.0;39.0;25.0;
;35079.36200531404;65.0;40.0;25.0;
;35083.96922898511;65.0;40.0;25.0;
;35172.47421541637;64.0;39.0;25.0;
;35199.6626025253;65.0;40.0;25.0;
;35240.765634603966;65.0;40.0;25.0;
;35312.60040769976;65.0;40.0;25.0;
;35343.71009335553;65.0;40.0;25.0;
;35362.748814500344;66.0;40.0;26.0;
;35401.73753939457;66.0;40.0;26.0;
;35444.775577869645;66.0;39.0;27.0;
;35567.7325411771;66.0;39.0;27.0;
;35614.794633468955;64.0;37.0;27.0;
;35688.17517678802;65.0;38.0;27.0;
;35699.30818346696;65.0;38.0;27.0;
;35709.46318078738;66.0;38.0;28.0;
;35742.56623951624;66.0;38.0;28.0;
;35772.770478819344;67.0;38.0;29.0;
;35797.83977761608;67.0;38.0;29.0;
;35916.2515525549;66.0;37.0;29.0;
;35960.00656949624;66.0;37.0;29.0;
;35979.09882647759;67.0;37.0;30.0;
;36000.671610157835;68.0;37.0;31.0;
;36058.619303172105;69.0;37.0;32.0;
;36064.00242842975;69.0;37.0;32.0;
;36120.02586448569;69.0;37.0;32.0;
;36172.65740214802;69.0;37.0;32.0;
;36183.63574244705;68.0;37.0;31.0;
;36203.80742702843;69.0;38.0;31.0;
;36220.97913749325;70.0;39.0;31.0;
;36244.27366227689;70.0;39.0;31.0;
;36302.37178324488;70.0;39.0;31.0;
;36321.50589989762;70.0;39.0;31.0;
;36369.804103671006;70.0;39.0;31.0;
;36514.45041544224;69.0;39.0;30.0;
;36540.080999043785;69.0;39.0;30.0;
;36658.956954115856;68.0;39.0;29.0;
;36717.4368703577;68.0;39.0;29.0;
;36756.85676924588;68.0;39.0;29.0;
;36760.717418545726;68.0;38.0;30.0;
;36832.64046708367;68.0;38.0;30.0;
;36910.68683867668;69.0;39.0;30.0;
;36968.44705192577;70.0;40.0;30.0;
;37027.68827476016;70.0;40.0;30.0;
;37037.178076724544;70.0;39.0;31.0;
;37044.7008992413;69.0;38.0;31.0;
;37196.30670345954;69.0;38.0;31.0;
;37198.870034799365;68.0;37.0;31.0;
;37284.5574448256;67.0;36.0;31.0;
;37336.19226382549;68.0;36.0;32.0;
;37343.97511391015;68.0;36.0;32.0;
;37390.48294411697;67.0;36.0;31.0;
;37460.36735814519;68.0;36.0;32.0;
;37552.15106775383;68.0;36.0;32.0;
;37573.2567059275;68.0;36.0;32.0;
;37694.14575975591;69.0;37.0;32.0;
;37718.62354785866;68.0;36.0;32.0;
;37895.61466706173;68.0;36.0;32.0;
;37908.0206490281;68.0;36.0;32.0;
;37915.165600512686;67.0;35.0;32.0;
;37967.94777910541;67.0;35.0;32.0;
;37976.45074951801;66.0;35.0;31.0;
;38020.54162780425;66.0;36.0;30.0;
;38097.93544555144;66.0;36.0;30.0;
;38168.62967180144;66.0;36.0;30.0;
;38266.87530167433;67.0;37.0;30.0;
;38384.274693813975;68.0;37.0;31.0;
;38407.62862992155;69.0;38.0;31.0;
;38407.93809228679;69.0;38.0;31.0;
;38432.29968091429;69.0;38.0;31.0;
;38579.71773661721;70.0;38.0;32.0;
;38715.1394356458;70.0;38.0;32.0;
;38758.05286648;69.0;38.0;31.0;
;38870.405131974985;68.0;37.0;31.0;
;38896.12844954201;68.0;37.0;31.0;
;38909.28922587723;67.0;36.0;31.0;
;38925.15440829871;66.0;36.0;30.0;
;38963.92492252488;67.0;37.0;30.0;
;38975.65666031981;67.0;37.0;30.0;
;39023.17323982484;68.0;37.0;31.0;
;39161.328544201526;68.0;37.0;31.0;
;39264.446791850125;68.0;37.0;31.0;
;39309.958282003136;69.0;37.0;32.0;
;39319.32530342757;69.0;37.0;32.0;
;39332.34498268639;69.0;37.0;32.0;
;39380.90660580053;70.0;38.0;32.0;
;39517.90762220175;71.0;39.0;32.0;
;39522.233341825086;72.0;39.0;33.0;
;39563.1810419273;72.0;39.0;33.0;
;39587.90022904434;71.0;38.0;33.0;
;39596.64368642587;72.0;38.0;34.0;
;39654.15618664704;73.0;39.0;34.0;
;39705.28431465548;73.0;39.0;34.0;
;39781.852660345336;72.0;39.0;33.0;
;39831.26462087048;72.0;39.0;33.0;
;39922.231156743306;71.0;39.0;32.0;
;39971.67452669677;72.0;40.0;32.0;
;40135.104347355664;73.0;40.0;33.0;
;40137.25734538226;73.0;40.0;33.0;
;40264.49544913719;73.0;40.0;33.0;
;40265.97320777823;73.0;40.0;33.0;
;40290.4417585113;72.0;40.0;32.0;
;40336.51266550447;72.0;41.0;31.0;
;40405.32600826928;72.0;41.0;31.0;
;40428.4940140067;71.0;41.0;30.0;
;40515.5239129377;71.0;41.0;30.0;
;40608.41681415152;70.0;40.0;30.0;
;40657.64012243865;70.0;40.0;30.0;
;40855.056915440815;71.0;40.0;31.0;
;40864.70490891829;71.0;40.0;31.0;
;41041.5585344155;70.0;40.0;30.0;
;41077.14444864685;69.0;39.0;30.0;
;41088.9915209341;68.0;39.0;29.0;
;41134.34126475704;69.0;39.0;30.0;
;41276.47903629362;69.0;39.0;30.0;
;41378.18449249543;69.0;39.0;30.0;
;41617.13870439909;69.0;39.0;30.0;
;41724.55690983333;70.0;40.0;30.0;
;41750.0456008243;70.0;40.0;30.0;
;41761.49975500078;69.0;39.0;30.0;
;41791.55595468428;68.0;39.0;29.0;
;41886.59921282469;67.0;38.0;29.0;
;41934.55190568735;67.0;38.0;29.0;
;41998.21797160846;66.0;37.0;29.0;
;42015.76084278425;67.0;38.0;29.0;
;42076.20200853615;67.0;38.0;29.0;
;42244.35575881925;67.0;38.0;29.0;
;42317.62370154935;67.0;38.0;29.0;
;42374.05751130507;67.0;38.0;29.0;
;42384.93973537513;68.0;39.0;29.0;
;42385.27381269159;68.0;39.0;29.0;
;42396.43842411737;67.0;38.0;29.0;
;42432.77330965969;67.0;38.0;29.0;
;42440.937261962325;66.0;37.0;29.0;
;42625.83862406389;66.0;37.0;29.0;
;42656.31882619759;66.0;37.0;29.0;
;42708.090169688;66.0;37.0;29.0;
;42814.95791986584;66.0;37.0;29.0;
;42899.03153058911;65.0;37.0;28.0;
;43009.91422093316;65.0;37.0;28.0;
;43075.60971611005;64.0;37.0;27.0;
;43129.53818241136;63.0;37.0;26.0;
;43257.35811036377;63.0;37.0;26.0;
;43298.07187305088;63.0;37.0;26.0;
;43349.66592320312;63.0;37.0;26.0;
;43645.86881006631;64.0;38.0;26.0;
;43651.9861980397;65.0;38.0;27.0;
;43668.5968122589;65.0;38.0;27.0;
;43715.038031938464;66.0;39.0;27.0;
;43776.65990425139;67.0;40.0;27.0;
;43875.844474657984;67.0;40.0;27.0;
;43875.88539134528;66.0;40.0;26.0;
;43886.86332314569;65.0;39.0;26.0;
;43889.09182157757;66.0;39.0;27.0;
;43900.64077691327;67.0;40.0;27.0;
;43939.35679143045;67.0;40.0;27.0;
;43985.98710044872;67.0;40.0;27.0;
;44010.57770231655;67.0;40.0;27.0;
;44160.847719901794;67.0;39.0;28.0;
;44247.93168316613;68.0;39.0;29.0;
;44265.686251532585;69.0;39.0;30.0;
;44281.38432064431;69.0;39.0;30.0;
;44326.087909260976;69.0;39.0;30.0;
;44435.83312802989;69.0;39.0;30.0;
;44509.6949319832;69.0;39.0;30.0;
;44535.082798123854;68.0;39.0;29.0;
;44539.35011175724;67.0;38.0;29.0;
;44622.80607403621;66.0;38.0;28.0;
;44640.481078428864;67.0;39.0;28.0;
;44650.03766910902;68.0;39.0;29.0;
;44818.0870963514;69.0;39.0;30.0;
;44828.96655130177;69.0;39.0;30.0;
;44862.82425093357;68.0;38.0;30.0;
;44863.14225254855;69.0;38.0;31.0;
;44912.36729571803;69.0;38.0;31.0;
;44925.85281265385;70.0;39.0;31.0;
;44971.49991786032;71.0;39.0;32.0;
;44985.9078253322;71.0;39.0;32.0;
;44994.37513824453;72.0;39.0;33.0;
;44999.9811701629;72.0;39.0;33.0;
;45022.22321124421;72.0;39.0;33.0;
;45053.88631080637;71.0;39.0;32.0;
;45117.27060569575;71.0;39.0;32.0;
;45209.35742414409;72.0;39.0;33.0;
;45567.57160887754;72.0;39.0;33.0;
;45570.7953102581;71.0;38.0;33.0;
;45588.55393675034;71.0;38.0;33.0;
;45595.82927693726;70.0;37.0;33.0;
;45662.71725828053;70.0;37.0;33.0;
;45742.510745029766;70.0;36.0;34.0;
;45778.75931252861;70.0;36.0;34.0;
;45781.524017953896;71.0;37.0;34.0;
;45795.795024892446;71.0;37.0;34.0;
;45803.10584349369;71.0;37.0;34.0;
;45808.04402554019;71.0;36.0;35.0;
;45809.15799375115;72.0;36.0;36.0;
;45943.78407174476;72.0;36.0;36.0;
;46027.35322036356;71.0;36.0;35.0;
;46034.65543658896;72.0;37.0;35.0;
;46259.97412030247;72.0;37.0;35.0;
;46276.49239462556;72.0;37.0;35.0;
;46287.69215891933;71.0;37.0;34.0;
;46306.77714746345;72.0;37.0;35.0;
;46376.42327722926;72.0;37.0;35.0;
;46447.62138188508;71.0;37.0;34.0;
;46522.350737614295;70.0;37.0;33.0;
;46644.08858142008;71.0;37.0;34.0;
;46657.50536348934;71.0;37.0;34.0;
;46861.24985989461;70.0;36.0;34.0;
;46996.68588773013;70.0;36.0;34.0;
;47048.11020746188;69.0;36.0;33.0;
;47107.7234321819;68.0;36.0;32.0;
;47109.209464714106;69.0;36.0;33.0;
;47254.86892974892;70.0;36.0;34.0;
;47304.610304130125;70.0;36.0;34.0;
;47334.12750946864;69.0;35.0;34.0;
;47498.05560815232;69.0;35.0;34.0;
;47536.72838369678;69.0;35.0;34.0;
;47539.93585385346;67.0;34.0;33.0;
;47559.35409805173;67.0;34.0;33.0;
;47818.43543413239;66.0;33.0;33.0;
;47886.20965198802;66.0;33.0;33.0;
;47939.48556898529;67.0;33.0;34.0;
;48007.23962621311;67.0;33.0;34.0;
;48144.3135788711;66.0;32.0;34.0;
;48161.39432986866;66.0;33.0;33.0;
;48300.56312505794;66.0;33.0;33.0;
;48504.76807775731;65.0;33.0;32.0;
;48555.73368709959;65.0;33.0;32.0;
;48601.74769023663;66.0;34.0;32.0;
;48640.154212954585;67.0;35.0;32.0;
;48655.07503439925;67.0;35.0;32.0;
;48678.17649901276;67.0;34.0;33.0;
;48798.324705086285;68.0;34.0;34.0;
;48889.65112114781;68.0;34.0;34.0;
;48917.58576275528;68.0;34.0;34.0;
;48918.663129239874;69.0;35.0;34.0;
;49091.65436989381;69.0;35.0;34.0;
;49114.64133895429;68.0;34.0;34.0;
;49124.43496406826;69.0;35.0;34.0;
;49254.75862215235;70.0;35.0;35.0;
;49293.7929045678;70.0;35.0;35.0;
;49303.54798835005;70.0;35.0;35.0;
;49307.99798876407;69.0;34.0;35.0;
;49324.50047140474;70.0;34.0;36.0;
;49351.37194888022;70.0;34.0;36.0;
;49406.50754026817;70.0;34.0;36.0;
;49549.13119420616;70.0;34.0;36.0;
;49552.52137314514;70.0;34.0;36.0;
;49576.52335347241;69.0;34.0;35.0;
;49694.014911988605;69.0;34.0;35.0;
;49768.68741616177;69.0;33.0;36.0;
;49794.30558596093;70.0;33.0;37.0;
;49944.91190840726;70.0;33.0;37.0;
;49987.93558458277;69.0;32.0;37.0;
;50061.59111241073;70.0;32.0;38.0;
;50110.834202229766;70.0;32.0;38.0;
;50208.1757088014;70.0;32.0;38.0;
;50399.46928510648;70.0;32.0;38.0;
;50432.81993743124;70.0;32.0;38.0;
;50444.42257760116;71.0;33.0;38.0;
;50467.35091802697;71.0;33.0;38.0;
;50469.65815357423;71.0;33.0;38.0;
;50551.986481145206;71.0;33.0;38.0;
;50650.8214945965;71.0;33.0;38.0;
;50752.187670850144;71.0;33.0;38.0;
;50827.11224031403;71.0;33.0;38.0;
;50849.26061790149;70.0;33.0;37.0;
;50865.42286323442;70.0;33.0;37.0;
;50911.55993131481;70.0;33.0;37.0;
;50935.79174974072;70.0;33.0;37.0;
;51028.22179427626;68.0;31.0;37.0;
;51084.65216040218;68.0;31.0;37.0;
;51097.98095775567;68.0;30.0;38.0;
;51177.17318643776;68.0;30.0;38.0;
;51229.30458637699;68.0;30.0;38.0;
;51243.3795778874;67.0;29.0;38.0;
;51254.41088869092;67.0;29.0;38.0;
;51523.36809651509;68.0;29.0;39.0;
;51550.92033770276;68.0;29.0;39.0;
;51555.85239939985;68.0;29.0;39.0;
;51584.01406658583;69.0;30.0;39.0;
;51710.591480709205;69.0;30.0;39.0;
;51790.16677392517;69.0;30.0;39.0;
;51888.55777504461;68.0;30.0;38.0;
;52039.19081509317;69.0;31.0;38.0;
;52068.63038676128;69.0;31.0;38.0;
;52069.70026287984;69.0;30.0;39.0;
;52072.59780945543;70.0;30.0;40.0;
;52087.142393087255;70.0;30.0;40.0;
;52109.06556812243;71.0;31.0;40.0;
;52116.36458313639;72.0;32.0;40.0;
;52120.47733271152;72.0;32.0;40.0;
;52189.9821926148;72.0;32.0;40.0;
;52348.84566752052;73.0;33.0;40.0;
;52385.51702896157;74.0;34.0;40.0;
;52439.85666865415;74.0;34.0;40.0;
;52581.83851220933;73.0;33.0;40.0;
;52594.81584802472;72.0;33.0;39.0;
;52693.20589220722;70.0;32.0;38.0;
;52775.182447707;70.0;32.0;38.0;
;52814.48601016567;69.0;31.0;38.0;
;52974.93546736183;70.0;32.0;38.0;
;53019.20790413508;71.0;32.0;39.0;
;53079.32516004874;72.0;32.0;40.0;
;53265.62124213637;72.0;32.0;40.0;
;53306.92470714076;71.0;32.0;39.0;
;53340.28001967628;71.0;31.0;40.0;
;53350.79537528605;71.0;31.0;40.0;
;53375.78494038393;71.0;31.0;40.0;
;53435.60617739608;71.0;31.0;40.0;
;53472.48849843502;71.0;31.0;40.0;
;53501.63210928448;71.0;31.0;40.0;
;53509.11170471943;70.0;31.0;39.0;
;53605.92146276763;70.0;31.0;39.0;
;53641.51661558309;71.0;32.0;39.0;
;53795.80477532664;70.0;32.0;38.0;
;53920.45649927968;70.0;32.0;38.0;
;54017.573554734976;70.0;32.0;38.0;
;54080.02966019252;69.0;32.0;37.0;
;54105.87150191318;69.0;32.0;37.0;
;54133.73739162157;69.0;32.0;37.0;
;54195.05928669232;68.0;31.0;37.0;
;54277.79898659568;68.0;32.0;36.0;
;54344.97732068068;69.0;32.0;37.0;
;54373.76879033202;70.0;33.0;37.0;
;54593.00695271631;71.0;34.0;37.0;
;54726.98118857637;71.0;34.0;37.0;
;54762.99486820484;71.0;35.0;36.0;
;54794.27336576174;71.0;35.0;36.0;
;54820.82984129379;70.0;34.0;36.0;
;54834.01566757453;70.0;34.0;36.0;
;54842.633599090754;69.0;33.0;36.0;
;54857.45521027652;70.0;33.0;37.0;
;54889.73608499842;70.0;33.0;37.0;
;54992.60265817705;69.0;32.0;37.0;
;55040.95428466318;69.0;33.0;36.0;
;55379.59778949143;69.0;33.0;36.0;
;55494.20738054788;69.0;32.0;37.0;
;55558.63022483411;69.0;32.0;37.0;
;55594.40050985286;69.0;32.0;37.0;
;55600.9796551282;68.0;31.0;37.0;
;55621.19044548042;67.0;31.0;36.0;
;55692.91715725707;67.0;31.0;36.0;
;55729.04060266433;67.0;31.0;36.0;
;55860.13091481023;68.0;32.0;36.0;
;55877.70251684237;69.0;32.0;37.0;
;55886.103541984536;69.0;32.0;37.0;
;56074.05366706882;68.0;32.0;36.0;
;56174.43510981847;67.0;31.0;36.0;
;56223.81945586772;67.0;31.0;36.0;
;56237.81809840142;66.0;31.0;35.0;
;56400.65857889895;66.0;32.0;34.0;
;56405.31367458868;67.0;33.0;34.0;
;56485.37616186758;67.0;33.0;34.0;
;56543.37788053416;68.0;34.0;34.0;
;56621.46199750608;67.0;34.0;33.0;
;56630.08095231913;68.0;35.0;33.0;
;56638.92718623178;69.0;35.0;34.0;
;56665.546207970685;70.0;36.0;34.0;
;56683.45761305667;70.0;36.0;34.0;
;56761.2112376254;69.0;36.0;33.0;
;56825.83795032192;69.0;37.0;32.0;
;56828.9577172401;69.0;37.0;32.0;
;56845.949766971;69.0;37.0;32.0;
;56900.50875119427;69.0;37.0;32.0;
;57012.5314684743;69.0;38.0;31.0;
;57069.00427247998;69.0;38.0;31.0;
;57088.58549091007;70.0;39.0;31.0;
;57141.7631719337;70.0;39.0;31.0;
;57235.92495696777;70.0;39.0;31.0;
;57251.808435197;71.0;40.0;31.0;
;57264.5532722627;71.0;40.0;31.0;
;57275.921513054825;72.0;40.0;32.0;
;57376.04156791168;73.0;40.0;33.0;
;57394.82784413164;73.0;40.0;33.0;
;57400.42226385464;72.0;40.0;32.0;
;57487.11128538872;72.0;39.0;33.0;
;57500.94595179577;72.0;39.0;33.0;
;57561.07020245717;71.0;38.0;33.0;
;57578.79935506384;70.0;38.0;32.0;
;57598.31121842451;71.0;38.0;33.0;
;57680.77847461029;71.0;38.0;33.0;
;57791.99593564198;71.0;38.0;33.0;
;57927.983627226815;71.0;38.0;33.0;
;57987.07852439129;72.0;39.0;33.0;
;58023.83726794976;72.0;39.0;33.0;
;58073.07644936628;73.0;40.0;33.0;
;58203.77465472559;74.0;41.0;33.0;
;58225.513767706536;74.0;41.0;33.0;
;58245.83135559782;73.0;40.0;33.0;
;58260.16320705828;73.0;41.0;32.0;
;58264.943622347855;73.0;41.0;32.0;
;58279.55059203852;73.0;41.0;32.0;
;58345.68841721636;73.0;41.0;32.0;
;58388.00144194901;73.0;41.0;32.0;
;58396.76607777474;73.0;41.0;32.0;
;58772.480398355496;73.0;41.0;32.0;
;58784.30371451071;73.0;41.0;32.0;
;58791.338884678415;72.0;41.0;31.0;
;58844.28228643215;71.0;41.0;30.0;
;58854.61792301586;70.0;41.0;29.0;
;58877.1774562063;70.0;41.0;29.0;
;58896.62343093727;69.0;41.0;28.0;
;59051.46011955902;69.0;42.0;27.0;
;59097.326512085965;70.0;43.0;27.0;
;59267.92820462265;70.0;43.0;27.0;
;59400.85686912108;69.0;42.0;27.0;
;59479.59501100174;69.0;42.0;27.0;
;59497.99629718736;69.0;42.0;27.0;
;59551.53479343387;68.0;41.0;27.0;
;59655.683513985416;68.0;40.0;28.0;
;59780.78683528323;69.0;41.0;28.0;
;59945.82274880645;69.0;41.0;28.0;
;59951.7810113983;70.0;42.0;28.0;
;60004.624507058885;70.0;42.0;28.0;
;60083.28297866384;69.0;42.0;27.0;
;60141.71840834471;69.0;42.0;27.0;
;60164.03167276478;68.0;42.0;26.0;
;60231.195506664415;67.0;41.0;26.0;
;60392.73846928439;68.0;41.0;27.0;
;60438.12256680762;68.0;41.0;27.0;
;60460.188845195975;68.0;42.0;26.0;
;60473.17202171602;69.0;43.0;26.0;
;60505.7822810189;70.0;43.0;27.0;
;60517.1939083514;71.0;44.0;27.0;
;60664.92023962034;72.0;45.0;27.0;
;60749.54138726578;73.0;45.0;28.0;
;60818.57853658849;73.0;45.0;28.0;
;60863.0756601829;72.0;44.0;28.0;
;60864.90849613878;72.0;44.0;28.0;
;60916.20859262828;73.0;45.0;28.0;
;60923.19903394398;73.0;45.0;28.0;
;61041.20756034137;73.0;45.0;28.0;
;61042.04124655322;73.0;45.0;28.0;
;61068.39745817105;72.0;45.0;27.0;
;61089.70714510667;72.0;45.0;27.0;
;61172.712589956085;71.0;44.0;27.0;
;61226.26480110656;72.0;44.0;28.0;
;61274.66798540144;72.0;44.0;28.0;
;61292.7102878188;73.0;44.0;29.0;
;61332.17294956232;74.0;44.0;30.0;
;61363.17507260006;75.0;45.0;30.0;
;61490.91956617624;75.0;45.0;30.0;
;61512.65169907726;74.0;44.0;30.0;
;61616.85121711358;73.0;44.0;29.0;
;61635.937242944114;73.0;44.0;29.0;
;61692.36082410574;73.0;44.0;29.0;
;61704.10415597852;73.0;44.0;29.0;
;61779.34771894642;74.0;45.0;29.0;
;61880.36015999946;75.0;46.0;29.0;
;62007.399406088;75.0;46.0;29.0;
;62232.47923425293;75.0;46.0;29.0;
;62239.01254087503;75.0;46.0;29.0;
;62338.44300428381;75.0;46.0;29.0;
;62373.33425335484;74.0;45.0;29.0;
;62581.75633473635;73.0;44.0;29.0;
;62587.67809766921;73.0;44.0;29.0;
;62690.01319769931;71.0;43.0;28.0;
;62849.047627648855;72.0;44.0;28.0;
;62853.272943305965;72.0;44.0;28.0;
;62890.46753812652;73.0;44.0;29.0;
;62955.89635745434;73.0;44.0;29.0;
;62955.93745191263;73.0;44.0;29.0;
;63069.42349699173;73.0;44.0;29.0;
;63092.8773949482;73.0;43.0;30.0;
;63190.42948351098;73.0;43.0;30.0;
;63336.02245674662;72.0;43.0;29.0;
;63380.61415496878;72.0;43.0;29.0;
;63422.76871573079;71.0;42.0;29.0;
;63430.43279667588;72.0;43.0;29.0;
;63456.8719222086;73.0;44.0;29.0;
;63470.13863915661;73.0;44.0;29.0;
;63588.88233773169;73.0;44.0;29.0;
;63656.17587930292;73.0;44.0;29.0;
;63710.23584793561;73.0;44.0;29.0;
;63782.9243515119;73.0;44.0;29.0;
;63800.08677153857;73.0;45.0;28.0;
;63865.54398533188;73.0;45.0;28.0;
;64054.891599553885;72.0;44.0;28.0;
;64226.56152230009;71.0;43.0;28.0;
;64279.50978825326;71.0;43.0;28.0;
;64307.20610752554;72.0;44.0;28.0;
;64447.25183086599;71.0;43.0;28.0;
;64575.05095316957;72.0;44.0;28.0;
;64577.16878032205;72.0;44.0;28.0;
;64578.32302868314;71.0;44.0;27.0;
;64597.26070028229;71.0;44.0;27.0;
;64601.68759969574;71.0;44.0;27.0;
;64630.70557391576;70.0;43.0;27.0;
;64746.52590166776;70.0;44.0;26.0;
;64837.90543301886;71.0;44.0;27.0;
;64885.54757228464;71.0;44.0;27.0;
;64955.6421515334;72.0;44.0;28.0;
;65145.77938950047;72.0;44.0;28.0;
;65161.75210471639;71.0;43.0;28.0;
;65169.357668969205;71.0;43.0;28.0;
;65226.39346183218;70.0;42.0;28.0;
;65359.48643530225;68.0;42.0;26.0;
;65426.929503279294;69.0;42.0;27.0;
;65432.22404002457;69.0;42.0;27.0;
;65436.17906806333;68.0;41.0;27.0;
;65549.6423736334;69.0;42.0;27.0;
;65600.01134857512;70.0;43.0;27.0;
;65613.46605307676;71.0;44.0;27.0;
;65618.3765344381;72.0;45.0;27.0;
;65720.19210470427;72.0;45.0;27.0;
;65872.32494540392;71.0;44.0;27.0;
;65931.92827717144;71.0;44.0;27.0;
;65973.73151777325;70.0;43.0;27.0;
;66042.65621969743;70.0;43.0;27.0;
;66172.989240103;70.0;43.0;27.0;
;66198.57316749745;71.0;43.0;28.0;
;66412.30574161354;71.0;43.0;28.0;
;66452.03188782748;71.0;43.0;28.0;
;66453.87451633655;71.0;43.0;28.0;
;66485.402254069;70.0;42.0;28.0;
;66553.34571384997;70.0;42.0;28.0;
;66571.348991979;69.0;41.0;28.0;
;66632.8540238519;70.0;42.0;28.0;
;66738.74358777482;70.0;42.0;28.0;
;66792.92740246718;69.0;41.0;28.0;
;66799.0936731668;69.0;41.0;28.0;
;66899.52772003956;69.0;41.0;28.0;
;66915.37314144858;69.0;41.0;28.0;
;66932.48347705565;69.0;42.0;27.0;
;66973.51887209644;70.0;43.0;27.0;
;67001.57912934528;70.0;43.0;27.0;
;67048.69553325325;70.0;43.0;27.0;
;67285.65645804426;70.0;43.0;27.0;
;67323.79702344141;70.0;43.0;27.0;
;67345.56758862876;70.0;43.0;27.0;
;67509.80266189775;70.0;43.0;27.0;
;67681.01565574466;69.0;42.0;27.0;
;67851.4400228891;69.0;41.0;28.0;
;67921.17111683682;69.0;41.0;28.0;
;67959.31805893837;68.0;40.0;28.0;
;68040.47666564996;68.0;40.0;28.0;
;68073.27871169048;68.0;41.0;27.0;
;68078.4777076058;69.0;41.0;28.0;
;68086.28138225783;69.0;41.0;28.0;
;68150.40726775062;69.0;41.0;28.0;
;68212.26573302584;68.0;40.0;28.0;
;68277.3507561695;68.0;40.0;28.0;
;68312.11634701301;68.0;40.0;28.0;
;68528.14027319224;68.0;40.0;28.0;
;68768.21157599491;68.0;40.0;28.0;
;68771.26814346331;67.0;39.0;28.0;
;68776.6437597895;67.0;39.0;28.0;
;68778.44465895252;68.0;39.0;29.0;
;68829.42835885318;68.0;39.0;29.0;
;68832.55119700747;68.0;39.0;29.0;
;68973.20236954396;68.0;40.0;28.0;
;69020.02946913784;67.0;39.0;28.0;
;69039.50661057085;68.0;40.0;28.0;
;69082.83463030566;69.0;41.0;28.0;
;69085.44808666794;69.0;41.0;28.0;
;69240.20777885974;69.0;40.0;29.0;
;69250.50450211024;69.0;40.0;29.0;
;69387.39581309402;69.0;40.0;29.0;
;69471.00738722974;69.0;40.0;29.0;
;69504.77593855585;68.0;40.0;28.0;
;69569.49821639042;68.0;40.0;28.0;
;69660.79764623859;69.0;40.0;29.0;
;69746.2456561593;69.0;40.0;29.0;
;69756.33286683953;69.0;39.0;30.0;
;69946.97591969393;70.0;39.0;31.0;
;70004.82890982689;71.0;40.0;31.0;
;70064.83556855778;71.0;40.0;31.0;
;70076.30381224866;71.0;40.0;31.0;
;70084.3520164193;69.0;38.0;31.0;
;70198.3290240181;70.0;38.0;32.0;
;70241.11461267664;70.0;38.0;32.0;
;70307.3659417786;69.0;37.0;32.0;
;70334.58444803674;68.0;37.0;31.0;
;70375.89387994951;68.0;37.0;31.0;
;70398.77309802025;69.0;37.0;32.0;
;70419.07014813113;70.0;37.0;33.0;
;70564.84585028264;70.0;37.0;33.0;
;70576.8259486954;71.0;38.0;33.0;
;70797.33985995011;72.0;39.0;33.0;
;70835.90629513767;72.0;39.0;33.0;
;70845.4018919337;72.0;38.0;34.0;
;70851.23428780447;72.0;38.0;34.0;
;70874.52436429755;71.0;37.0;34.0;
;70941.1975124788;70.0;36.0;34.0;
;70946.56886350366;70.0;36.0;34.0;
;71007.24178011868;71.0;36.0;35.0;
;71085.28493507062;71.0;36.0;35.0;
;71169.45057128048;70.0;36.0;34.0;
;71206.97037678646;71.0;36.0;35.0;
;71308.50169102491;72.0;37.0;35.0;
;71353.1246700721;72.0;37.0;35.0;
;71384.79424861839;72.0;37.0;35.0;
;71403.23902681262;72.0;36.0;36.0;
;71474.8042164013;72.0;36.0;36.0;
;71503.87190034465;72.0;36.0;36.0;
;71534.11316931248;72.0;36.0;36.0;
;71670.08149737629;71.0;35.0;36.0;
;71733.50285013646;71.0;34.0;37.0;
;71741.41146123435;71.0;34.0;37.0;
;71750.20540645905;72.0;35.0;37.0;
;71846.62825333445;73.0;36.0;37.0;
;71868.37538621336;74.0;36.0;38.0;
;71983.09246894266;74.0;36.0;38.0;
;72105.47421891901;74.0;35.0;39.0;
;72106.8422074442;75.0;36.0;39.0;
;72155.84857881376;75.0;36.0;39.0;
;72167.27655108745;75.0;37.0;38.0;
;72178.30200527061;75.0;37.0;38.0;
;72220.58773518963;75.0;37.0;38.0;
;72322.01330031327;75.0;38.0;37.0;
;72354.74121858986;76.0;38.0;38.0;
;72410.9139670967;76.0;38.0;38.0;
;72420.41000028874;76.0;38.0;38.0;
;72463.83087581443;75.0;38.0;37.0;
;72481.82865203734;75.0;38.0;37.0;
;72613.41931151609;75.0;38.0;37.0;
;72647.0702557603;75.0;38.0;37.0;
;72650.81017201176;76.0;38.0;38.0;
;72666.5163123351;77.0;39.0;38.0;
;72726.9024666161;77.0;39.0;38.0;
;72792.17470846599;78.0;40.0;38.0;
;72813.0585074382;78.0;40.0;38.0;
;72995.72738771701;79.0;40.0;39.0;
;73045.88718989734;79.0;40.0;39.0;
;73100.75210778952;78.0;39.0;39.0;
;73184.0033178911;78.0;39.0;39.0;
;73213.4946866714;78.0;39.0;39.0;
;73296.2852232415;77.0;38.0;39.0;
;73459.0301283575;76.0;37.0;39.0;
;73610.66380739547;76.0;37.0;39.0;
;73725.98574002061;75.0;36.0;39.0;
;73912.68625877755;75.0;35.0;40.0;
;73922.1525774746;75.0;35.0;40.0;
;73961.98086410912;76.0;36.0;40.0;
;73962.4890687995;77.0;37.0;40.0;
;73998.2260176105;77.0;37.0;40.0;
;74046.19776516521;77.0;37.0;40.0;
;74055.10872897947;78.0;38.0;40.0;
;74073.30776722959;78.0;38.0;40.0;
;74076.03472878181;79.0;39.0;40.0;
;74382.48674895188;79.0;39.0;40.0;
;74393.39469184812;78.0;38.0;40.0;
;74497.05367394675;77.0;37.0;40.0;
;74497.16167390547;77.0;37.0;40.0;
;74514.68042516636;77.0;37.0;40.0;
;74526.67680546036;78.0;38.0;40.0;
;74621.93321465884;78.0;38.0;40.0;
;74721.29859992935;77.0;38.0;39.0;
;74731.49551793642;77.0;39.0;38.0;
;74743.72173323268;78.0;40.0;38.0;
;74799.94754660019;77.0;40.0;37.0;
;74879.37235259057;77.0;40.0;37.0;
;74930.9909018322;78.0;41.0;37.0;
;74971.53738800979;79.0;42.0;37.0;
;75005.84040111677;79.0;42.0;37.0;
;75006.81655011461;79.0;42.0;37.0;
;75047.48859343577;78.0;41.0;37.0;
;75206.94896681857;79.0;42.0;37.0;
;75211.4204552532;79.0;42.0;37.0;
;75340.69380642528;79.0;41.0;38.0;
;75374.51683667679;79.0;41.0;38.0;
;75493.4451792481;79.0;40.0;39.0;
;75631.07747783895;80.0;41.0;39.0;
;75641.64335599469;80.0;41.0;39.0;
;75672.63558805216;81.0;41.0;40.0;
;75803.91574637407;81.0;41.0;40.0;
;75815.4459119122;81.0;41.0;40.0;
;75855.02893786306;81.0;40.0;41.0;
;76009.35548489464;81.0;40.0;41.0;
;76112.58293001648;80.0;39.0;41.0;
;76158.7634300643;80.0;39.0;41.0;
;76308.39896828146;79.0;38.0;41.0;
;76313.56026236422;80.0;39.0;41.0;
;76324.69662132554;80.0;39.0;41.0;
;76401.02545520916;80.0;39.0;41.0;
;76425.74884972096;80.0;39.0;41.0;
;76492.53414266763;81.0;40.0;41.0;
;76498.8558753515;81.0;40.0;41.0;
;76523.15791630009;81.0;40.0;41.0;
;76529.25323681741;81.0;40.0;41.0;
;76706.64005473912;82.0;41.0;41.0;
;76715.54700959095;82.0;41.0;41.0;
;76832.38407437211;82.0;41.0;41.0;
;76838.5166047388;82.0;40.0;42.0;
;76887.50979288763;82.0;40.0;42.0;
;76891.88165236697;82.0;40.0;42.0;
;76893.42042493919;81.0;40.0;41.0;
;76958.07993843936;82.0;40.0;42.0;
;76999.38166847317;82.0;40.0;42.0;
;77145.44332542391;81.0;40.0;41.0;
;77189.86310693203;80.0;39.0;41.0;
;77204.27782494137;81.0;39.0;42.0;
;77207.8056327602;82.0;39.0;43.0;
;77232.94347105421;81.0;38.0;43.0;
;77261.69947040429;82.0;39.0;43.0;
;77262.72963847723;83.0;39.0;44.0;
;77271.31638324191;83.0;39.0;44.0;
;77281.7825628424;84.0;40.0;44.0;
;77311.95215142582;85.0;41.0;44.0;
;77377.57966157376;86.0;41.0;45.0;
;77463.92942376023;87.0;42.0;45.0;
;77502.34592656152;87.0;42.0;45.0;
;77512.56267056575;87.0;42.0;45.0;
;77555.96593426795;86.0;42.0;44.0;
;77661.65230800514;85.0;41.0;44.0;
;77755.41170739832;85.0;42.0;43.0;
;77929.14258932647;85.0;42.0;43.0;
;77975.3298093532;84.0;41.0;43.0;
;78044.98313635295;83.0;41.0;42.0;
;78278.16453093456;84.0;42.0;42.0;
;78282.4930823608;85.0;42.0;43.0;
;78311.66701165831;85.0;42.0;43.0;
;78366.66274442294;84.0;41.0;43.0;
;78538.90818457332;83.0;41.0;42.0;
;78660.49873999158;83.0;40.0;43.0;
;78681.68278954847;83.0;40.0;43.0;
;78704.48877739119;83.0;41.0;42.0;
;78764.01374237539;82.0;40.0;42.0;
;78779.9783528774;82.0;40.0;42.0;
;78860.04564392935;83.0;41.0;42.0;
;78863.4215148444;83.0;41.0;42.0;
;79097.17880779562;83.0;41.0;42.0;
;79218.6065372134;82.0;40.0;42.0;
;79250.31674123243;81.0;40.0;41.0;
;79316.00684582356;80.0;40.0;40.0;
;79465.35976412955;80.0;40.0;40.0;
;79646.9648947645;80.0;40.0;40.0;
;79756.41171686813;80.0;40.0;40.0;
;79787.59151519387;78.0;39.0;39.0;
;79797.17373575237;78.0;39.0;39.0;
;79868.06673260615;77.0;38.0;39.0;
;79969.98166297488;76.0;37.0;39.0;
;80042.54866422071;77.0;38.0;39.0;
;80074.62819701027;77.0;38.0;39.0;
;80137.78468010522;77.0;38.0;39.0;
;80279.71251669811;76.0;38.0;38.0;
;80281.9704040288;76.0;39.0;37.0;
;80400.43228067973;76.0;39.0;37.0;
;80448.40261145156;77.0;40.0;37.0;
;80598.08297762214;77.0;40.0;37.0;
;80631.56440474678;77.0;41.0;36.0;
;80633.8112937027;78.0;42.0;36.0;
;80697.91132427785;79.0;42.0;37.0;
;80700.29676193104;79.0;42.0;37.0;
;80799.61125130048;79.0;42.0;37.0;
;80908.6392685004;79.0;42.0;37.0;
;81013.82396078041;79.0;43.0;36.0;
;81031.17716335555;79.0;43.0;36.0;
;81035.15570023464;77.0;43.0;34.0;
;81231.22707033447;77.0;43.0;34.0;
;81291.25677709641;76.0;43.0;33.0;
;81301.62228049184;76.0;43.0;33.0;
;81334.68877944189;76.0;43.0;33.0;
;81459.42930493547;76.0;43.0;33.0;
;81559.4574967714;75.0;43.0;32.0;
;81568.61964765604;74.0;42.0;32.0;
;81769.05390272266;73.0;41.0;32.0;
;81840.74300122235;74.0;42.0;32.0;
;82036.05319174464;74.0;42.0;32.0;
;82052.1000173325;73.0;42.0;31.0;
;82055.4361156976;73.0;42.0;31.0;
;82084.6000337362;74.0;43.0;31.0;
;82101.57657856088;75.0;43.0;32.0;
;82123.17376249778;75.0;43.0;32.0;
;82134.20259966563;74.0;43.0;31.0;
;82226.15429441955;75.0;44.0;31.0;
;82352.40116514207;75.0;44.0;31.0;
;82396.04794094016;75.0;44.0;31.0;
;82419.05600676099;75.0;44.0;31.0;
;82430.8367706098;75.0;44.0;31.0;
;82453.36288525135;76.0;45.0;31.0;
;82535.87642922184;77.0;46.0;31.0;
;82595.19038901936;77.0;46.0;31.0;
;82624.45489232136;76.0;46.0;30.0;
;82679.09312233886;76.0;46.0;30.0;
;82740.1795631225;77.0;46.0;31.0;
;82773.82370253302;78.0;46.0;32.0;
;82784.19179649944;78.0;46.0;32.0;
;82794.62737467886;78.0;46.0;32.0;
;82837.4049650232;77.0;45.0;32.0;
;82967.95852893197;77.0;45.0;32.0;
;83127.45094178269;78.0;46.0;32.0;
;83132.39271628448;79.0;46.0;33.0;
;83196.396814563;80.0;46.0;34.0;
;83245.2136193427;80.0;46.0;34.0;
;83306.3773708731;79.0;46.0;33.0;
;83316.5445377856;79.0;47.0;32.0;
;83366.60275350296;80.0;48.0;32.0;
;83401.73425263235;80.0;48.0;32.0;
;83521.8382547542;80.0;48.0;32.0;
;83567.81182206969;81.0;48.0;33.0;
;83622.68259515763;81.0;48.0;33.0;
;83728.15375516193;81.0;47.0;34.0;
;83757.32060698682;82.0;48.0;34.0;
;83784.00805276514;82.0;48.0;34.0;
;83817.18713283505;83.0;49.0;34.0;
;83870.99780058599;83.0;49.0;34.0;
;83950.48780346733;83.0;49.0;34.0;
;83968.74700503977;82.0;48.0;34.0;
;83992.18446347206;82.0;48.0;34.0;
;84137.14387200403;83.0;49.0;34.0;
;84146.98559864816;84.0;50.0;34.0;
;84164.4437838222;84.0;50.0;34.0;
;84386.25247617342;83.0;49.0;34.0;
;84461.0863391963;83.0;49.0;34.0;
;84484.55947562546;82.0;48.0;34.0;
;84532.30653186527;82.0;49.0;33.0;
;84567.13825592848;83.0;49.0;34.0;
;84638.14073302806;84.0;49.0;35.0;
;84674.96153690922;84.0;49.0;35.0;
;84713.05653485515;85.0;50.0;35.0;
;84744.3749687541;85.0;50.0;35.0;
;84900.31791219972;85.0;49.0;36.0;
;84933.23802456867;86.0;50.0;36.0;
;84944.10926696312;87.0;51.0;36.0;
;84966.09944955388;87.0;51.0;36.0;
;84977.39766556084;86.0;50.0;36.0;
;85045.26464750925;85.0;50.0;35.0;
;85148.05911128674;85.0;50.0;35.0;
;85162.80681310102;84.0;49.0;35.0;
;85218.08591544279;85.0;49.0;36.0;
;85279.71374194945;86.0;50.0;36.0;
;85311.47215070257;86.0;50.0;36.0;
;85322.81624757592;86.0;50.0;36.0;
;85432.13902625571;86.0;50.0;36.0;
;85439.44853339232;85.0;49.0;36.0;
;85615.76467164008;85.0;49.0;36.0;
;85666.0138456021;85.0;50.0;35.0;
;85671.8984057273;86.0;51.0;35.0;
;85704.31992587488;87.0;51.0;36.0;
;85717.12127870633;87.0;51.0;36.0;
;85725.7817912932;86.0;50.0;36.0;
;85816.73371860442;86.0;50.0;36.0;
;86149.2979561946;86.0;50.0;36.0;
;86165.57492657256;85.0;50.0;35.0;
;86320.52688897465;85.0;50.0;35.0;
;86324.72535531166;86.0;51.0;35.0;
;86348.82628481572;86.0;51.0;35.0;
;86381.83251659691;85.0;51.0;34.0;
;86907.90872693164;84.0;50.0;34.0;
;87024.5213103356;83.0;50.0;33.0;
;87056.7821915788;82.0;50.0;32.0;
;87066.10280332499;80.0;49.0;31.0;
;87161.4060161867;80.0;49.0;31.0;
;87477.81847577193;79.0;48.0;31.0;
;87490.7713784358;79.0;48.0;31.0;
;87564.01837191376;79.0;48.0;31.0;
;87630.24766704552;78.0;47.0;31.0;
;87648.44171589617;78.0;47.0;31.0;
;87672.38041242496;77.0;46.0;31.0;
;87718.57929929251;76.0;46.0;30.0;
;87806.94096180281;76.0;46.0;30.0;
;87974.44129675895;76.0;46.0;30.0;
;88182.06848487843;75.0;45.0;30.0;
;88500.55855441364;74.0;44.0;30.0;
;88534.21834132144;73.0;43.0;30.0;
;88689.37055595893;72.0;42.0;30.0;
;88986.5772504051;71.0;42.0;29.0;
;89072.29368741876;71.0;42.0;29.0;
;89167.43047305416;70.0;41.0;29.0;
;89385.79036463084;69.0;40.0;29.0;
;89529.7634550822;68.0;39.0;29.0;
;89580.35580528842;67.0;39.0;28.0;
;89865.10787304555;66.0;38.0;28.0;
;90124.42015470122;66.0;38.0;28.0;
;90134.3921990666;65.0;38.0;27.0;
;90237.63913837778;65.0;38.0;27.0;
;90303.62561459822;64.0;37.0;27.0;
;90638.50578546216;63.0;36.0;27.0;
;90849.11556562076;62.0;35.0;27.0;
;91075.63763098043;61.0;35.0;26.0;
;91114.3863103536;60.0;35.0;25.0;
;91250.38968533814;59.0;34.0;25.0;
;91277.7082332794;58.0;34.0;24.0;
;91362.2476023841;58.0;34.0;24.0;
;91421.51494620946;58.0;34.0;24.0;
;91475.09217145455;57.0;34.0;23.0;
;91707.27932019412;56.0;34.0;22.0;
;91910.28253897968;55.0;34.0;21.0;
;91991.37248643867;54.0;34.0;20.0;
;92024.24921647976;53.0;33.0;20.0;
;92150.5796618153;51.0;31.0;20.0;
;92213.57231029856;51.0;31.0;20.0;
;92407.44683460383;51.0;31.0;20.0;
;92451.27993633592;50.0;30.0;20.0;
;92510.8725272944;49.0;29.0;20.0;
;92914.33068330944;48.0;28.0;20.0;
;93006.59839082912;47.0;27.0;20.0;
;93088.40171381364;46.0;27.0;19.0;
;93187.47947555989;45.0;27.0;18.0;
;93511.3385326438;44.0;27.0;17.0;
;93574.27010716042;43.0;27.0;16.0;
;93647.5018367651;42.0;26.0;16.0;
;94077.32487591189;41.0;25.0;16.0;
;94110.46620742118;40.0;25.0;15.0;
;94170.95938351244;40.0;25.0;15.0;
;94398.02741964663;39.0;24.0;15.0;
;94505.80644113888;38.0;24.0;14.0;
;94896.79098579397;38.0;24.0;14.0;
;94946.23095846668;38.0;24.0;14.0;
;94956.24820454836;37.0;24.0;13.0;
;94985.73434961878;36.0;23.0;13.0;
;94997.75071848062;34.0;22.0;12.0;
;95236.2552862612;34.0;22.0;12.0;
;95573.18563074172;34.0;22.0;12.0;
;95614.90527994077;33.0;21.0;12.0;
;95642.06022376896;32.0;20.0;12.0;
;95733.11394555985;32.0;20.0;12.0;
;95872.77452375351;30.0;18.0;12.0;
;96295.4770551668;30.0;18.0;12.0;
;96305.16388827206;29.0;17.0;12.0;
;96368.74952668542;29.0;17.0;12.0;
;96496.2809618161;28.0;17.0;11.0;
;96918.81079248358;27.0;16.0;11.0;
;96950.9527956702;25.0;15.0;10.0;
;97163.04597518158;25.0;15.0;10.0;
;97165.58438125569;24.0;14.0;10.0;
;97305.70095989403;23.0;14.0;9.0;
;97534.88408606689;22.0;13.0;9.0;
;97675.3025968257;21.0;13.0;8.0;
;97896.01980694672;21.0;13.0;8.0;
;97969.52602419464;20.0;12.0;8.0;
;97998.29123324608;19.0;11.0;8.0;
;98073.43935137296;17.0;10.0;7.0;
;98272.12364173896;17.0;10.0;7.0;
;98286.70582620578;17.0;10.0;7.0;
;98495.6910737136;16.0;10.0;6.0;
;98514.78032421572;15.0;10.0;5.0;
;98821.18892581106;15.0;10.0;5.0;
;98870.36079057577;14.0;9.0;5.0;
;99045.22287461552;13.0;8.0;5.0;
;99112.89530523792;12.0;7.0;5.0;
;99248.27010579048;12.0;7.0;5.0;
;99310.9400031827;12.0;7.0;5.0;
;99512.43141460136;10.0;6.0;4.0;
;99942.56357837946;10.0;6.0;4.0;
;100409.0915983542;8.0;6.0;2.0;
;101202.61966638378;8.0;6.0;2.0;
;101988.24501540697;8.0;6.0;2.0;
;103525.35902665844;7.0;5.0;2.0;
;104079.88431637762;7.0;5.0;2.0;
;104340.97586451223;7.0;5.0;2.0;
;104577.3731833317;6.0;4.0;2.0;
;104942.50890958658;6.0;4.0;2.0;
;105432.54921244163;5.0;4.0;1.0;
;106799.13047007663;4.0;3.0;1.0;
;107685.9252311412;4.0;3.0;1.0;
;108693.40577936376;3.0;2.0;1.0;
;108972.13523481134;3.0;2.0;1.0;
;109246.07391735264;3.0;2.0;1.0;
;109382.2997150443;3.0;2.0;1.0;
;109535.50678145702;2.0;1.0;1.0;
;109787.70180114846;1.0;0.0;1.0;
